mode,stages,runs,avg_collect_ms,min_collect_ms,max_collect_ms,avg_node_collection_ms,avg_visual_roi_planning_ms,avg_screen_candidate_extraction_ms,avg_candidate_post_processing_ms,avg_candidate_parallel_wait_ms,avg_backend_api_ms,avg_backend_e2e_ms,avg_ocr_ms,avg_coord_ms,avg_display_ms,avg_observed_total_ms,avg_screen_candidates,avg_char_nodes,avg_char_range_candidates,avg_overlay_candidates,avg_overlay_rendered,avg_offensive,avg_filtered,avg_roi_selected,avg_ocr_selected
s1_collect_only,1,10,697.3,427,949,,,,,34.2,0.0,,,34.2,,697.3,14.0,0.0,0.0,0.0,0.0,0.0,0.0,0.0,0.0
s2_backend_only,2,10,607.2,357,842,,,,,24.7,378.6,25.1,,24.7,,668.1,14.0,0.0,0.0,0.0,0.0,1.0,0.0,0.0,0.0
s3_ocr_roi_only,3,10,734.9,640,980,,,,,60.9,0.0,,351.7,60.9,,734.9,14.0,0.0,0.0,0.0,0.0,0.0,0.0,2.0,0.5
s4_coord_only,4,10,806.6,534,1043,,,,,52.7,0.0,,,52.7,,806.6,17.0,4.0,3.0,0.0,0.0,0.0,0.0,0.0,0.0
s5_overlay_only,5,10,642.4,435,895,,,,,52.8,0.0,,,52.8,,642.4,14.0,0.0,0.0,0.0,0.0,0.0,0.0,0.0,0.0
s12_collect_backend,1+2,10,558.2,376,847,,,,,21.6,267.3,23.5,,21.6,,561.2,14.0,0.0,0.0,0.0,0.0,1.0,0.0,0.0,0.0
s123_collect_backend_ocr,1+2+3,10,602.0,414,827,,,,,49.3,252.5,213.7,279.8,49.3,231.2,602.0,14.0,0.0,0.0,0.0,0.0,1.0,0.5,2.2,0.9
s1234_collect_backend_ocr_coord,1+2+3+4,10,680.7,455,1048,,,,,35.9,277.5,184.9,177.4,35.9,159.1,680.7,17.0,4.0,3.0,0.0,0.0,2.0,0.8,1.7,0.9
s12345_full,1+2+3+4+5,10,710.4,458,1039,,,,,58.1,375.2,293.2,354.2,58.1,151.2,713.9,17.0,4.0,3.0,3.3,3.3,2.0,0.5,1.7,0.9
